Date,Product,Region,Customer_Type,Quantity,Price,Discount,Revenue
2024-01-17,Jazz Concert,West,Regular,8,266.13,0.01,2107.75
2024-11-13,Rock Concert,West,Regular,7,386.1,0.02,2648.65
2024-11-16,Jazz Concert,South,VIP,10,115.96,0.12,1020.45
2024-03-05,Pop Concert,West,VIP,5,309.5,0.07,1439.18
2024-04-26,Classical Concert,South,Regular,10,127.1,0.09,1156.61
2024-08-22,Jazz Concert,East,Regular,6,298.65,0.15,1523.11
2024-02-12,Jazz Concert,North,Regular,2,132.99,0.02,260.66
2024-06-15,Rock Concert,South,Regular,9,366.21,0.17,2735.59
2024-03-30,Jazz Concert,West,Regular,10,493.89,0.27,3605.4
2024-04-11,Pop Concert,East,VIP,8,180.42,0.18,1183.56
2024-02-01,Jazz Concert,South,Regular,7,88.25,0.15,525.09
2024-01-15,Classical Concert,North,VIP,9,266.93,0.04,2306.28
2024-02-05,Jazz Concert,East,Regular,2,269.63,0.22,420.62
2024-12-26,Jazz Concert,East,Regular,2,77.86,0.09,141.71
2024-04-29,Rock Concert,East,Regular,10,87.63,0.21,692.28
2024-02-13,Pop Concert,North,VIP,9,281.27,0.04,2430.17
2024-04-28,Pop Concert,East,VIP,10,82.27,0.01,814.47
2024-10-12,Classical Concert,East,Regular,4,35.78,0.28,103.05
2024-04-05,Rock Concert,East,VIP,5,152.57,0.01,755.22
2024-04-23,Rock Concert,North,Regular,5,125.95,0.16,528.99
2024-07-28,Classical Concert,East,VIP,6,235.57,0.01,1399.29
2024-02-12,Classical Concert,West,Regular,9,145.37,0.14,1125.16
2024-06-22,Jazz Concert,South,Regular,8,305.49,0.16,2052.89
2024-04-29,Pop Concert,North,VIP,10,410.5,0.02,4022.9
2024-05-10,Pop Concert,South,Regular,9,128.11,0.29,818.62
2024-01-04,Rock Concert,West,VIP,10,296.4,0.12,2608.32
2024-02-04,Pop Concert,East,VIP,6,143.2,0.11,764.69
2024-09-02,Jazz Concert,South,Regular,6,492.14,0.13,2568.97
2024-07-12,Pop Concert,South,Regular,7,198.57,0.2,1111.99
2024-04-14,Rock Concert,South,Regular,6,268.27,0.21,1271.6
2024-04-28,Rock Concert,South,Regular,3,439.15,0.01,1304.28
2024-06-08,Pop Concert,West,VIP,10,443.56,0.19,3592.84
2024-04-13,Rock Concert,East,VIP,6,195.82,0.11,1045.68
2024-08-02,Classical Concert,East,Regular,9,416.4,0.1,3372.84
2024-02-11,Classical Concert,West,Regular,6,280.09,0.21,1327.63
2024-11-30,Pop Concert,West,Regular,3,298.36,0.17,742.92
2024-04-25,Pop Concert,West,VIP,3,26.47,0.17,65.91
2024-11-14,Jazz Concert,South,VIP,5,116.73,0.03,566.14
2024-11-22,Rock Concert,East,VIP,9,51.78,0.24,354.18
2024-02-08,Pop Concert,East,VIP,5,30.96,0.11,137.77
2024-10-19,Rock Concert,South,VIP,4,40.97,0.21,129.47
2024-10-06,Jazz Concert,North,VIP,3,110.45,0.05,314.78
2024-10-21,Classical Concert,West,VIP,3,126.19,0.15,321.78
2024-12-25,Jazz Concert,North,Regular,5,271.45,0.05,1289.39
2024-09-06,Pop Concert,South,VIP,7,230.53,0.25,1210.28
2024-06-14,Pop Concert,East,Regular,3,462.8,0.08,1277.33
2024-04-30,Rock Concert,East,Regular,6,448.86,0.17,2235.32
2024-03-24,Classical Concert,West,VIP,4,460.07,0.29,1306.6
2024-05-26,Classical Concert,South,Regular,10,229.36,0.25,1720.2
2024-02-21,Jazz Concert,West,VIP,8,191.78,0.11,1365.47
2024-10-19,Jazz Concert,North,VIP,1,234.27,0.03,227.24
2024-08-28,Jazz Concert,West,VIP,1,458.67,0.12,403.63
2024-05-21,Classical Concert,West,VIP,1,444.88,0.23,342.56
2024-09-07,Rock Concert,West,VIP,8,442.61,0.13,3080.57
2024-02-08,Pop Concert,East,VIP,7,289.3,0.26,1498.57
2024-01-30,Classical Concert,West,VIP,5,293.81,0.09,1336.84
2024-09-06,Pop Concert,South,Regular,4,465.46,0.14,1601.18
2024-04-16,Jazz Concert,South,Regular,4,83.77,0.08,308.27
2024-07-12,Pop Concert,North,VIP,3,41.65,0.02,122.45
2024-03-23,Jazz Concert,East,Regular,8,243.7,0.05,1852.12
2024-11-29,Pop Concert,South,VIP,4,274.32,0.1,987.55
2024-01-10,Pop Concert,North,Regular,8,69.21,0.2,442.94
2024-12-23,Pop Concert,East,Regular,2,326.51,0.12,574.66
2024-04-19,Jazz Concert,East,Regular,8,443.82,0.29,2520.9
2024-05-04,Jazz Concert,South,VIP,5,244.21,0.21,964.63
2024-04-21,Jazz Concert,West,VIP,9,90.67,0.24,620.18
2024-06-23,Jazz Concert,North,Regular,6,292.36,0.08,1613.83
2024-12-22,Jazz Concert,West,VIP,10,291.57,0.25,2186.77
2024-09-25,Rock Concert,South,Regular,9,365.69,0.13,2863.35
2024-07-07,Rock Concert,West,Regular,10,312.28,0.16,2623.15
2024-03-10,Jazz Concert,East,Regular,10,290.04,0.23,2233.31
2024-12-13,Jazz Concert,East,Regular,4,395.26,0.13,1375.5
2024-01-12,Rock Concert,West,VIP,1,321.94,0.19,260.77
2024-06-04,Jazz Concert,West,Regular,10,305.04,0.1,2745.36
2024-08-26,Jazz Concert,West,Regular,7,96.32,0.06,633.79
2024-11-11,Rock Concert,South,VIP,5,308.44,0.3,1079.54
2024-05-06,Classical Concert,North,Regular,3,228.99,0.2,549.58
2024-12-25,Classical Concert,West,VIP,4,477.12,0.17,1584.04
2024-12-18,Pop Concert,East,Regular,9,43.8,0.02,386.32
2024-03-08,Pop Concert,West,VIP,5,251.91,0.2,1007.64
2024-05-31,Pop Concert,North,Regular,2,423.15,0.03,820.91
2024-10-09,Classical Concert,West,Regular,9,345.08,0.04,2981.49
2024-11-16,Rock Concert,East,VIP,4,381.31,0.28,1098.17
2024-03-26,Rock Concert,North,VIP,10,349.26,0.0,3492.6
2024-12-19,Jazz Concert,South,Regular,7,250.21,0.07,1628.87
2024-04-15,Jazz Concert,East,Regular,1,194.18,0.03,188.35
2024-07-16,Rock Concert,East,VIP,8,221.43,0.09,1612.01
2024-07-28,Rock Concert,South,Regular,1,409.85,0.07,381.16
2024-01-24,Jazz Concert,South,Regular,3,447.95,0.16,1128.83
2024-11-29,Pop Concert,South,VIP,5,421.75,0.26,1560.48
2024-11-02,Jazz Concert,South,VIP,8,131.78,0.19,853.93
2024-08-07,Classical Concert,North,Regular,3,165.29,0.2,396.7
2024-06-19,Classical Concert,East,Regular,4,300.34,0.22,937.06
2024-07-17,Rock Concert,South,VIP,7,220.78,0.23,1190.0
2024-06-13,Pop Concert,West,VIP,9,229.2,0.24,1567.73
2024-09-26,Classical Concert,East,VIP,5,464.4,0.18,1904.04
2024-07-02,Classical Concert,West,Regular,10,364.59,0.06,3427.15
2024-03-30,Pop Concert,East,Regular,9,86.53,0.23,599.65
2024-05-28,Rock Concert,East,VIP,4,425.95,0.08,1567.5
2024-08-13,Pop Concert,East,Regular,6,178.49,0.04,1028.1
2024-12-11,Classical Concert,West,VIP,3,64.91,0.17,161.63
2024-10-14,Pop Concert,West,Regular,8,376.7,0.1,2712.24
2024-02-14,Rock Concert,East,VIP,9,428.74,0.01,3820.07
2024-06-20,Pop Concert,East,VIP,5,226.61,0.3,793.14
2024-03-11,Pop Concert,North,VIP,6,413.05,0.12,2180.9
2024-07-04,Jazz Concert,South,VIP,4,49.43,0.08,181.9
2024-08-31,Classical Concert,South,Regular,2,311.04,0.21,491.44
2024-05-23,Classical Concert,North,VIP,2,465.37,0.05,884.2
2024-08-17,Classical Concert,North,Regular,4,479.33,0.14,1648.9
2024-07-02,Jazz Concert,South,Regular,5,70.73,0.18,289.99
2024-03-08,Jazz Concert,East,Regular,5,141.34,0.09,643.1
2024-06-20,Rock Concert,North,VIP,6,114.95,0.03,669.01
2024-06-11,Pop Concert,North,Regular,6,465.06,0.05,2650.84
2024-10-09,Jazz Concert,East,VIP,9,121.06,0.26,806.26
2024-06-08,Jazz Concert,South,Regular,6,82.12,0.25,369.54
2024-02-05,Classical Concert,South,Regular,6,210.09,0.06,1184.91
2024-02-22,Pop Concert,East,VIP,10,134.36,0.24,1021.14
2024-12-11,Jazz Concert,North,Regular,7,439.01,0.05,2919.42
2024-07-03,Jazz Concert,South,Regular,2,287.42,0.01,569.09
2024-05-17,Pop Concert,West,VIP,2,22.5,0.13,39.15
2024-02-23,Rock Concert,East,Regular,8,141.53,0.1,1019.02
2024-04-23,Jazz Concert,West,VIP,4,80.96,0.25,242.88
2024-05-10,Rock Concert,West,Regular,2,154.34,0.04,296.33
2024-08-10,Classical Concert,East,VIP,2,367.51,0.2,588.02
2024-08-29,Pop Concert,North,Regular,9,334.99,0.18,2472.23
2024-06-21,Rock Concert,North,Regular,3,143.89,0.26,319.44
2024-10-10,Jazz Concert,South,Regular,3,469.94,0.24,1071.46
2024-09-23,Rock Concert,South,Regular,4,155.26,0.2,496.83
2024-08-29,Classical Concert,South,Regular,3,312.46,0.23,721.78
2024-07-30,Classical Concert,South,VIP,3,95.35,0.28,205.96
2024-04-02,Classical Concert,West,Regular,1,129.78,0.12,114.21
2024-08-01,Pop Concert,East,VIP,8,438.66,0.04,3368.91
2024-10-13,Rock Concert,West,VIP,1,399.06,0.14,343.19
2024-01-28,Jazz Concert,West,VIP,3,104.78,0.15,267.19
2024-02-16,Classical Concert,West,VIP,4,213.86,0.11,761.34
2024-05-22,Pop Concert,South,Regular,10,260.07,0.22,2028.55
2024-08-23,Jazz Concert,North,VIP,7,20.76,0.25,108.99
2024-03-19,Jazz Concert,South,Regular,2,292.36,0.08,537.94
2024-01-26,Rock Concert,West,Regular,2,235.68,0.22,367.66
2024-12-27,Rock Concert,West,VIP,8,27.83,0.11,198.15
2024-08-07,Rock Concert,North,Regular,2,70.23,0.19,113.77
2024-03-18,Rock Concert,North,Regular,10,313.46,0.05,2977.87
2024-11-27,Jazz Concert,West,Regular,2,174.06,0.11,309.83
2024-01-14,Rock Concert,West,Regular,6,498.52,0.25,2243.34
2024-10-24,Jazz Concert,North,VIP,10,348.78,0.1,3139.02
2024-09-09,Jazz Concert,North,VIP,8,254.8,0.17,1691.87
2024-04-05,Rock Concert,West,Regular,1,470.73,0.27,343.63
2024-03-27,Pop Concert,North,VIP,5,67.67,0.15,287.6
2024-09-27,Classical Concert,West,Regular,5,30.78,0.09,140.05
2024-07-13,Rock Concert,North,Regular,3,95.06,0.12,250.96
2024-03-10,Pop Concert,West,Regular,8,25.24,0.2,161.54
2024-10-19,Rock Concert,North,Regular,9,409.22,0.27,2688.58
2024-09-18,Pop Concert,East,Regular,9,26.98,0.09,220.97
2024-12-22,Classical Concert,East,VIP,10,294.81,0.12,2594.33
2024-07-17,Pop Concert,East,Regular,1,388.69,0.07,361.48
2024-11-08,Classical Concert,East,VIP,1,46.61,0.15,39.62
2024-04-01,Classical Concert,East,Regular,9,370.75,0.13,2902.97
2024-12-03,Classical Concert,East,VIP,2,199.79,0.03,387.59
2024-04-24,Classical Concert,North,Regular,9,428.6,0.13,3355.94
2024-08-30,Classical Concert,East,VIP,3,117.18,0.26,260.14
2024-03-19,Classical Concert,West,VIP,1,438.4,0.11,390.18
2024-02-18,Jazz Concert,West,VIP,3,198.49,0.28,428.74
2024-03-16,Pop Concert,North,VIP,7,47.66,0.05,316.94
2024-05-07,Classical Concert,East,Regular,6,407.66,0.05,2323.66
2024-01-23,Pop Concert,East,VIP,3,373.31,0.26,828.75
2024-12-31,Jazz Concert,East,VIP,4,191.92,0.27,560.41
2024-08-05,Jazz Concert,North,VIP,4,488.64,0.09,1778.65
2024-10-10,Jazz Concert,South,VIP,8,27.48,0.14,189.06
2024-10-17,Pop Concert,South,Regular,1,342.14,0.17,283.98
2024-06-06,Jazz Concert,West,Regular,4,402.78,0.15,1369.45
2024-08-25,Rock Concert,North,Regular,2,411.3,0.09,748.57
2024-06-25,Classical Concert,South,VIP,3,411.13,0.1,1110.05
2024-03-18,Rock Concert,East,Regular,7,67.1,0.2,375.76
2024-11-06,Jazz Concert,North,Regular,5,385.67,0.18,1581.25
2024-06-01,Pop Concert,East,Regular,10,57.88,0.12,509.34
2024-12-11,Jazz Concert,South,Regular,7,208.98,0.02,1433.6
2024-08-14,Pop Concert,East,Regular,5,94.37,0.17,391.64
2024-03-09,Pop Concert,West,VIP,2,20.62,0.03,40.0
2024-11-15,Classical Concert,South,VIP,3,439.99,0.23,1016.38
2024-05-14,Classical Concert,North,Regular,2,116.06,0.05,220.51
2024-07-05,Classical Concert,East,Regular,9,227.14,0.2,1635.41
2024-09-02,Rock Concert,South,Regular,2,122.89,0.12,216.29
2024-03-14,Pop Concert,South,Regular,4,60.23,0.09,219.24
2024-11-20,Rock Concert,South,VIP,5,492.97,0.01,2440.2
2024-08-25,Jazz Concert,North,VIP,9,381.26,0.01,3397.03
2024-08-08,Pop Concert,East,Regular,2,52.99,0.05,100.68
2024-12-17,Pop Concert,North,VIP,1,166.53,0.14,143.22
2024-02-12,Pop Concert,North,VIP,4,241.97,0.06,909.81
2024-11-14,Classical Concert,East,VIP,6,353.22,0.15,1801.42
2024-03-06,Rock Concert,West,Regular,1,431.49,0.05,409.92
2024-09-15,Classical Concert,East,Regular,2,23.02,0.18,37.75
2024-06-18,Rock Concert,South,Regular,8,121.66,0.24,739.69
2024-05-23,Pop Concert,East,Regular,6,337.35,0.24,1538.32
2024-07-15,Classical Concert,South,Regular,6,407.52,0.15,2078.35
2024-12-03,Rock Concert,South,Regular,9,135.22,0.25,912.74
2024-02-12,Pop Concert,South,Regular,10,234.08,0.21,1849.23
2024-10-09,Classical Concert,South,VIP,1,157.04,0.18,128.77
2024-09-22,Rock Concert,North,VIP,6,441.79,0.12,2332.65
2024-04-04,Jazz Concert,North,VIP,8,373.56,0.13,2599.98
2024-04-25,Jazz Concert,North,Regular,8,488.28,0.22,3046.87
2024-09-14,Rock Concert,South,Regular,10,52.1,0.16,437.64
2024-09-20,Pop Concert,North,Regular,7,321.85,0.28,1622.12
2024-12-20,Pop Concert,East,Regular,4,197.11,0.11,701.71
2024-06-19,Jazz Concert,West,VIP,1,369.79,0.21,292.13
2024-05-07,Jazz Concert,East,Regular,3,98.42,0.26,218.49
2024-07-23,Classical Concert,North,VIP,6,292.11,0.21,1384.6
2024-08-08,Pop Concert,North,VIP,6,449.93,0.13,2348.63
2024-01-06,Pop Concert,West,Regular,1,446.22,0.07,414.98
2024-11-04,Rock Concert,North,VIP,3,329.44,0.09,899.37
2024-06-01,Jazz Concert,South,Regular,7,185.16,0.24,985.05
2024-07-12,Jazz Concert,East,Regular,9,443.76,0.23,3075.26
2024-01-01,Rock Concert,South,Regular,3,319.84,0.02,940.33
2024-02-19,Jazz Concert,South,VIP,8,64.48,0.12,453.94
2024-11-20,Jazz Concert,North,Regular,2,28.0,0.27,40.88
2024-07-18,Rock Concert,East,VIP,4,211.84,0.05,804.99
2024-11-09,Jazz Concert,East,VIP,5,311.37,0.3,1089.79
2024-05-06,Jazz Concert,East,Regular,7,264.99,0.22,1446.85
2024-07-18,Pop Concert,West,VIP,5,179.68,0.06,844.5
2024-03-29,Jazz Concert,East,Regular,8,192.39,0.12,1354.43
2024-06-02,Rock Concert,West,Regular,3,194.49,0.18,478.45
2024-07-13,Jazz Concert,East,Regular,10,60.42,0.22,471.28
2024-06-13,Jazz Concert,East,VIP,10,360.12,0.19,2916.97
2024-08-21,Pop Concert,South,Regular,9,248.02,0.03,2165.21
2024-08-01,Rock Concert,West,Regular,10,156.37,0.03,1516.79
2024-01-10,Jazz Concert,North,VIP,7,100.9,0.28,508.54
2024-08-08,Classical Concert,West,Regular,7,339.14,0.09,2160.32
2024-07-08,Classical Concert,West,VIP,10,240.17,0.01,2377.68
2024-11-19,Jazz Concert,North,Regular,4,123.69,0.02,484.86
2024-03-13,Pop Concert,North,Regular,4,333.13,0.19,1079.34
2024-06-27,Jazz Concert,East,VIP,9,244.16,0.0,2197.44
2024-02-23,Rock Concert,West,Regular,8,71.6,0.04,549.89
2024-05-23,Classical Concert,North,Regular,8,168.96,0.05,1284.1
2024-04-04,Jazz Concert,North,Regular,10,351.92,0.26,2604.21
2024-04-20,Pop Concert,West,VIP,10,256.91,0.02,2517.72
2024-09-01,Rock Concert,North,Regular,3,23.18,0.25,52.15
2024-05-31,Jazz Concert,East,VIP,1,158.95,0.02,155.77
2024-10-18,Rock Concert,East,VIP,6,240.41,0.24,1096.27
2024-11-02,Jazz Concert,North,Regular,1,234.04,0.23,180.21
2024-08-27,Classical Concert,South,VIP,7,472.53,0.22,2580.01
2024-08-20,Jazz Concert,North,Regular,2,353.18,0.21,558.02
2024-02-14,Classical Concert,West,Regular,1,226.5,0.27,165.34
2024-01-09,Classical Concert,East,Regular,10,192.66,0.2,1541.28
2024-11-05,Rock Concert,North,VIP,8,422.81,0.26,2503.04
2024-03-20,Jazz Concert,West,Regular,7,460.76,0.07,2999.55
2024-04-20,Rock Concert,North,VIP,7,425.11,0.08,2737.71
2024-03-01,Classical Concert,South,VIP,6,25.6,0.03,148.99
2024-01-01,Jazz Concert,South,Regular,5,422.62,0.1,1901.79
2024-01-29,Classical Concert,East,VIP,6,111.31,0.19,540.97
2024-06-25,Rock Concert,East,VIP,1,154.72,0.1,139.25
2024-11-27,Rock Concert,West,VIP,8,64.61,0.04,496.2
2024-03-25,Jazz Concert,South,VIP,8,461.72,0.07,3435.2
2024-07-03,Rock Concert,South,Regular,6,177.13,0.02,1041.52
2024-03-28,Rock Concert,North,Regular,7,175.94,0.19,997.58
2024-11-25,Pop Concert,East,VIP,3,137.18,0.02,403.31
2024-07-26,Jazz Concert,West,Regular,8,453.75,0.21,2867.7
2024-05-08,Rock Concert,North,VIP,8,461.51,0.12,3249.03
2024-05-30,Classical Concert,South,VIP,9,127.01,0.25,857.32
2024-09-30,Jazz Concert,West,Regular,5,473.66,0.16,1989.37
2024-08-03,Classical Concert,North,Regular,5,269.91,0.14,1160.61
2024-05-17,Jazz Concert,North,Regular,9,108.93,0.21,774.49
2024-02-25,Classical Concert,South,Regular,5,273.05,0.27,996.63
2024-06-25,Classical Concert,East,Regular,3,252.45,0.29,537.72
2024-11-19,Classical Concert,South,Regular,7,188.87,0.07,1229.54
2024-12-03,Pop Concert,North,Regular,9,324.87,0.19,2368.3
2024-04-01,Pop Concert,South,Regular,5,435.18,0.18,1784.24
2024-03-29,Jazz Concert,South,VIP,10,211.78,0.3,1482.46
2024-03-02,Rock Concert,South,VIP,1,344.02,0.24,261.46
2024-09-12,Pop Concert,East,VIP,2,446.0,0.04,856.32
2024-06-14,Rock Concert,North,Regular,2,147.31,0.2,235.7
2024-08-02,Classical Concert,West,Regular,8,295.68,0.0,2365.44
2024-04-26,Rock Concert,West,VIP,10,39.68,0.27,289.66
2024-01-03,Rock Concert,North,Regular,1,284.77,0.14,244.9
2024-03-04,Classical Concert,South,VIP,3,415.66,0.11,1109.81
2024-11-10,Pop Concert,West,Regular,4,365.75,0.09,1331.33
2024-01-22,Classical Concert,East,Regular,10,352.39,0.29,2501.97
2024-09-17,Jazz Concert,East,Regular,7,232.47,0.15,1383.2
2024-10-27,Pop Concert,South,Regular,2,490.34,0.19,794.35
2024-04-26,Pop Concert,North,VIP,10,178.36,0.17,1480.39
2024-03-05,Classical Concert,East,Regular,3,157.38,0.18,387.15
2024-05-05,Pop Concert,East,VIP,1,430.48,0.05,408.96
2024-01-11,Pop Concert,North,VIP,7,164.04,0.15,976.04
2024-05-11,Pop Concert,East,Regular,6,164.09,0.22,767.94
2024-12-25,Jazz Concert,North,Regular,7,413.93,0.25,2173.13
2024-10-02,Jazz Concert,South,Regular,3,169.81,0.11,453.39
2024-06-30,Pop Concert,South,VIP,1,59.14,0.08,54.41
2024-01-21,Jazz Concert,North,Regular,9,90.64,0.29,579.19
2024-03-24,Pop Concert,West,Regular,2,288.41,0.23,444.15
2024-07-05,Jazz Concert,North,VIP,3,364.65,0.08,1006.43
2024-08-15,Classical Concert,South,VIP,10,263.54,0.28,1897.49
2024-09-12,Pop Concert,East,Regular,2,192.35,0.18,315.45
2024-04-12,Rock Concert,South,Regular,7,433.83,0.22,2368.71
2024-03-23,Pop Concert,East,VIP,4,95.84,0.04,368.03
2024-02-26,Pop Concert,North,VIP,1,196.52,0.29,139.53
2024-10-26,Rock Concert,West,VIP,6,84.21,0.03,490.1
2024-02-05,Classical Concert,West,VIP,9,495.13,0.24,3386.69
2024-06-01,Rock Concert,South,Regular,8,416.72,0.06,3133.73
2024-04-01,Jazz Concert,East,Regular,5,464.92,0.09,2115.39
2024-12-16,Classical Concert,North,VIP,6,20.55,0.3,86.31
2024-03-26,Jazz Concert,South,Regular,10,440.45,0.03,4272.36
2024-09-20,Pop Concert,West,VIP,7,97.96,0.27,500.58
2024-08-12,Jazz Concert,West,VIP,6,166.73,0.25,750.28
2024-11-29,Pop Concert,East,Regular,6,238.91,0.21,1132.43
2024-04-17,Pop Concert,North,Regular,8,39.96,0.04,306.89
2024-08-31,Jazz Concert,West,VIP,3,321.64,0.04,926.32
2024-12-26,Classical Concert,South,Regular,7,148.53,0.28,748.59
2024-06-11,Classical Concert,West,Regular,1,473.78,0.23,364.81
2024-02-06,Rock Concert,East,Regular,7,377.05,0.03,2560.17
2024-09-21,Rock Concert,South,Regular,10,134.81,0.06,1267.21
2024-04-11,Classical Concert,West,Regular,4,463.96,0.11,1651.7
2024-03-26,Pop Concert,North,Regular,3,72.59,0.14,187.28
2024-02-08,Rock Concert,South,VIP,3,77.88,0.23,179.9
2024-01-08,Pop Concert,West,VIP,4,56.41,0.04,216.61
2024-06-02,Pop Concert,South,Regular,10,299.47,0.26,2216.08
2024-09-22,Rock Concert,South,Regular,3,123.48,0.29,263.01
2024-06-13,Rock Concert,East,Regular,3,272.33,0.01,808.82
2024-02-13,Jazz Concert,West,VIP,9,401.45,0.14,3107.22
2024-08-13,Jazz Concert,East,Regular,1,91.26,0.09,83.05
2024-08-11,Jazz Concert,South,Regular,4,183.68,0.16,617.16
2024-02-13,Rock Concert,North,Regular,6,396.22,0.08,2187.13
2024-06-12,Jazz Concert,East,VIP,8,472.75,0.06,3555.08
2024-07-29,Rock Concert,North,VIP,8,488.21,0.24,2968.32
2024-12-17,Jazz Concert,West,Regular,1,384.45,0.0,384.45
2024-02-04,Jazz Concert,South,VIP,10,442.02,0.07,4110.79
2024-06-01,Jazz Concert,East,Regular,1,396.66,0.03,384.76
2024-09-29,Classical Concert,South,VIP,5,146.67,0.26,542.68
2024-02-03,Rock Concert,West,VIP,5,275.72,0.13,1199.38
2024-07-19,Jazz Concert,South,VIP,3,381.85,0.16,962.26
2024-08-01,Pop Concert,West,VIP,5,387.4,0.19,1568.97
2024-11-01,Pop Concert,West,VIP,10,490.57,0.21,3875.5
2024-02-09,Rock Concert,East,Regular,1,402.9,0.13,350.52
2024-04-22,Jazz Concert,West,Regular,6,166.75,0.08,920.46
2024-07-15,Rock Concert,North,Regular,2,221.86,0.3,310.6
2024-07-02,Rock Concert,East,Regular,1,263.9,0.12,232.23
2024-04-28,Rock Concert,East,Regular,1,195.06,0.3,136.54
2024-05-02,Classical Concert,East,Regular,1,225.34,0.25,169.0
2024-02-10,Classical Concert,East,Regular,8,167.53,0.27,978.38
2024-08-22,Rock Concert,East,Regular,1,315.6,0.25,236.7
2024-07-13,Classical Concert,East,VIP,9,201.68,0.13,1579.15
2024-12-23,Classical Concert,East,Regular,7,71.61,0.04,481.22
2024-07-15,Pop Concert,East,VIP,1,429.5,0.0,429.5
2024-05-19,Rock Concert,East,VIP,6,455.92,0.05,2598.74
2024-10-29,Classical Concert,West,Regular,9,294.11,0.11,2355.82
2024-04-13,Classical Concert,West,Regular,7,338.36,0.11,2107.98
2024-02-10,Classical Concert,West,Regular,5,130.24,0.04,625.15
2024-03-07,Rock Concert,North,Regular,2,252.57,0.21,399.06
2024-03-31,Pop Concert,West,Regular,7,430.28,0.01,2981.84
2024-08-12,Jazz Concert,East,VIP,8,130.84,0.27,764.11
2024-01-02,Pop Concert,North,VIP,7,39.58,0.09,252.12
2024-05-30,Pop Concert,West,VIP,3,412.91,0.13,1077.7
2024-11-30,Classical Concert,North,VIP,10,312.84,0.03,3034.55
2024-07-29,Rock Concert,South,VIP,2,134.69,0.24,204.73
2024-07-17,Rock Concert,East,VIP,10,106.96,0.06,1005.42
2024-10-21,Jazz Concert,South,VIP,8,217.6,0.19,1410.05
2024-02-20,Classical Concert,South,VIP,3,264.38,0.09,721.76
2024-10-12,Pop Concert,North,Regular,3,412.23,0.09,1125.39
2024-10-10,Classical Concert,West,Regular,5,360.12,0.2,1440.48
2024-09-16,Classical Concert,North,VIP,10,191.1,0.29,1356.81
2024-07-28,Rock Concert,South,VIP,5,156.62,0.15,665.64
2024-12-22,Rock Concert,South,Regular,7,271.96,0.04,1827.57
2024-05-23,Classical Concert,North,VIP,3,143.26,0.17,356.72
2024-03-06,Classical Concert,North,Regular,6,498.62,0.02,2931.89
2024-11-17,Rock Concert,North,VIP,8,170.8,0.04,1311.74
2024-11-20,Jazz Concert,North,VIP,4,447.11,0.1,1609.6
2024-04-03,Rock Concert,West,VIP,9,261.44,0.25,1764.72
2024-08-24,Classical Concert,South,VIP,1,215.6,0.0,215.6
2024-07-13,Pop Concert,South,VIP,7,253.91,0.23,1368.57
2024-11-23,Pop Concert,West,Regular,2,51.2,0.15,87.04
2024-03-15,Pop Concert,West,VIP,1,397.16,0.22,309.78
2024-08-17,Pop Concert,North,Regular,6,126.53,0.05,721.22
2024-12-22,Pop Concert,South,Regular,6,168.68,0.23,779.3
2024-01-09,Jazz Concert,North,VIP,9,308.82,0.1,2501.44
2024-09-15,Jazz Concert,South,Regular,9,129.7,0.03,1132.28
2024-07-19,Classical Concert,South,Regular,4,46.09,0.25,138.27
2024-11-21,Classical Concert,West,VIP,3,424.87,0.19,1032.43
2024-12-09,Classical Concert,North,VIP,2,80.0,0.16,134.4
2024-10-11,Jazz Concert,North,VIP,7,340.57,0.09,2169.43
2024-09-09,Classical Concert,West,VIP,4,331.35,0.3,927.78
2024-11-24,Classical Concert,East,Regular,6,489.25,0.05,2788.72
2024-04-24,Rock Concert,West,Regular,3,74.77,0.06,210.85
2024-01-12,Jazz Concert,West,VIP,4,102.84,0.1,370.22
2024-05-05,Jazz Concert,West,VIP,2,203.94,0.02,399.72
2024-03-10,Jazz Concert,East,VIP,1,45.86,0.23,35.31
2024-10-20,Rock Concert,North,VIP,8,137.79,0.23,848.79
2024-12-02,Rock Concert,West,Regular,1,247.39,0.02,242.44
2024-02-16,Classical Concert,West,Regular,8,287.84,0.25,1727.04
2024-01-29,Jazz Concert,South,Regular,1,160.62,0.22,125.28
2024-04-07,Jazz Concert,North,VIP,7,453.92,0.26,2351.31
2024-08-31,Classical Concert,East,Regular,9,497.29,0.06,4207.07
2024-04-28,Rock Concert,East,Regular,3,328.09,0.08,905.53
2024-02-15,Classical Concert,North,VIP,1,40.07,0.17,33.26
2024-08-28,Pop Concert,East,VIP,6,352.43,0.2,1691.66
2024-02-20,Jazz Concert,West,VIP,9,277.98,0.3,1751.27
2024-03-12,Pop Concert,North,Regular,1,296.09,0.14,254.64
2024-12-02,Classical Concert,West,Regular,8,431.02,0.14,2965.42
2024-12-14,Pop Concert,South,VIP,4,122.22,0.26,361.77
2024-08-19,Jazz Concert,South,Regular,1,50.45,0.13,43.89
2024-03-07,Jazz Concert,North,Regular,3,336.21,0.24,766.56
2024-03-12,Jazz Concert,East,Regular,9,205.89,0.09,1686.24
2024-07-06,Jazz Concert,East,VIP,6,73.35,0.07,409.29
2024-08-04,Rock Concert,East,Regular,8,316.26,0.27,1846.96
2024-03-22,Pop Concert,East,VIP,4,84.8,0.25,254.4
2024-11-02,Rock Concert,East,Regular,9,315.61,0.05,2698.47
2024-06-23,Classical Concert,South,Regular,2,488.84,0.18,801.7
2024-09-26,Classical Concert,West,VIP,6,107.94,0.08,595.83
2024-12-17,Pop Concert,West,Regular,2,55.06,0.03,106.82
2024-03-07,Pop Concert,East,Regular,10,470.56,0.08,4329.15
2024-12-02,Pop Concert,West,Regular,4,324.51,0.16,1090.35
2024-11-03,Classical Concert,South,Regular,1,211.38,0.12,186.01
2024-08-10,Pop Concert,West,VIP,10,477.78,0.22,3726.68
2024-05-19,Classical Concert,South,VIP,9,467.34,0.14,3617.21
2024-08-21,Classical Concert,North,Regular,5,28.5,0.1,128.25
2024-01-29,Pop Concert,East,Regular,5,206.35,0.12,907.94
2024-08-04,Jazz Concert,South,VIP,5,252.59,0.03,1225.06
2024-06-19,Classical Concert,East,Regular,10,450.78,0.15,3831.63
2024-06-21,Rock Concert,North,Regular,6,150.59,0.11,804.15
2024-09-05,Pop Concert,South,Regular,2,189.59,0.18,310.93
2024-05-22,Pop Concert,West,VIP,4,423.77,0.15,1440.82
2024-09-15,Classical Concert,East,Regular,7,481.32,0.08,3099.7
2024-08-20,Pop Concert,East,Regular,3,158.95,0.1,429.16
2024-01-08,Jazz Concert,South,VIP,7,281.66,0.09,1794.17
2024-11-14,Classical Concert,North,VIP,1,216.74,0.14,186.4
2024-04-30,Classical Concert,South,Regular,1,324.18,0.02,317.7
2024-11-20,Jazz Concert,West,Regular,6,217.8,0.27,953.96
2024-10-28,Classical Concert,East,Regular,9,480.97,0.15,3679.42
2024-08-18,Pop Concert,West,Regular,7,55.77,0.12,343.54
2024-08-28,Rock Concert,South,Regular,9,408.78,0.1,3311.12
2024-06-30,Classical Concert,East,Regular,6,368.16,0.19,1789.26
2024-08-27,Rock Concert,West,VIP,5,217.61,0.08,1001.01
2024-10-30,Rock Concert,North,VIP,4,182.55,0.04,700.99
2024-01-27,Classical Concert,East,VIP,4,266.07,0.19,862.07
2024-09-23,Pop Concert,North,VIP,7,151.31,0.01,1048.58
2024-08-24,Rock Concert,West,VIP,10,32.65,0.23,251.4
2024-05-14,Jazz Concert,North,Regular,7,377.71,0.0,2643.97
2024-06-11,Jazz Concert,West,VIP,8,125.14,0.14,860.96
2024-08-14,Classical Concert,South,VIP,4,129.45,0.09,471.2
2024-01-30,Pop Concert,East,Regular,7,392.84,0.24,2089.91
2024-04-24,Classical Concert,West,Regular,3,177.26,0.27,388.2
2024-12-28,Rock Concert,West,VIP,2,32.21,0.15,54.76
2024-08-08,Rock Concert,North,VIP,1,451.97,0.25,338.98
2024-07-27,Classical Concert,West,Regular,4,94.75,0.09,344.89
2024-12-04,Classical Concert,East,VIP,2,308.57,0.24,469.03
2024-12-18,Classical Concert,North,VIP,9,36.74,0.09,300.9
2024-03-10,Pop Concert,North,VIP,3,118.9,0.03,346.0
2024-06-13,Rock Concert,North,Regular,8,429.8,0.2,2750.72
2024-07-05,Pop Concert,East,Regular,2,224.06,0.2,358.5
2024-03-31,Rock Concert,South,VIP,8,78.93,0.02,618.81
2024-12-12,Pop Concert,East,Regular,5,114.05,0.07,530.33
2024-10-07,Jazz Concert,East,Regular,10,22.88,0.15,194.48
2024-04-16,Jazz Concert,East,Regular,8,448.91,0.09,3268.06
2024-03-05,Classical Concert,North,Regular,7,211.37,0.1,1331.63
2024-06-05,Pop Concert,North,Regular,10,471.36,0.28,3393.79
2024-05-31,Jazz Concert,North,Regular,8,154.07,0.16,1035.35
2024-07-16,Jazz Concert,South,Regular,5,97.71,0.28,351.76
2024-06-08,Jazz Concert,North,VIP,3,382.19,0.24,871.39
2024-03-14,Rock Concert,South,VIP,3,479.66,0.18,1179.96
2024-06-10,Rock Concert,West,Regular,10,183.38,0.05,1742.11
2024-03-10,Rock Concert,South,Regular,5,388.81,0.13,1691.32
2024-08-04,Pop Concert,South,Regular,7,430.47,0.27,2199.7
2024-10-10,Classical Concert,South,Regular,8,447.4,0.03,3471.82
2024-12-25,Pop Concert,West,Regular,3,140.71,0.01,417.91
2024-11-09,Rock Concert,West,VIP,6,125.75,0.21,596.06
2024-10-17,Rock Concert,North,VIP,5,427.92,0.22,1668.89
2024-05-26,Classical Concert,North,VIP,5,440.99,0.13,1918.31
2024-08-08,Classical Concert,West,VIP,6,390.41,0.28,1686.57
2024-12-10,Pop Concert,West,Regular,4,338.49,0.22,1056.09
2024-12-10,Pop Concert,West,VIP,9,490.6,0.08,4062.17
2024-02-26,Pop Concert,South,Regular,6,175.32,0.27,767.9
2024-08-17,Pop Concert,North,VIP,3,143.01,0.2,343.22
2024-03-31,Jazz Concert,North,VIP,6,95.88,0.29,408.45
2024-11-09,Jazz Concert,North,Regular,7,170.35,0.29,846.64
2024-07-11,Pop Concert,West,VIP,7,206.68,0.24,1099.54
2024-11-27,Classical Concert,North,Regular,4,419.71,0.0,1678.84
2024-05-05,Jazz Concert,West,VIP,10,56.45,0.28,406.44
2024-12-10,Pop Concert,East,Regular,6,226.88,0.03,1320.44
2024-03-26,Jazz Concert,East,VIP,7,476.63,0.2,2669.13
2024-07-20,Rock Concert,South,VIP,9,387.19,0.29,2474.14
2024-04-15,Classical Concert,South,VIP,7,177.85,0.01,1232.5
2024-12-20,Classical Concert,West,Regular,4,63.35,0.15,215.39
2024-08-24,Jazz Concert,South,Regular,3,141.94,0.2,340.66
2024-01-04,Jazz Concert,South,Regular,1,170.18,0.16,142.95
2024-11-16,Classical Concert,East,Regular,3,358.73,0.21,850.19
2024-11-21,Jazz Concert,East,VIP,9,71.03,0.03,620.09
2024-12-11,Pop Concert,South,Regular,2,302.73,0.23,466.2
2024-11-03,Pop Concert,East,Regular,8,49.41,0.25,296.46
2024-03-09,Pop Concert,East,VIP,5,51.09,0.02,250.34
2024-03-15,Jazz Concert,West,VIP,8,278.89,0.11,1985.7
2024-03-02,Rock Concert,East,VIP,5,276.93,0.23,1066.18
2024-06-24,Jazz Concert,South,VIP,1,34.63,0.02,33.94
2024-07-17,Pop Concert,West,VIP,7,157.42,0.23,848.49
2024-02-04,Rock Concert,West,VIP,1,324.19,0.11,288.53
2024-07-28,Pop Concert,South,Regular,3,186.66,0.29,397.59
2024-08-04,Rock Concert,East,VIP,6,24.53,0.14,126.57
2024-07-01,Classical Concert,North,VIP,10,87.87,0.29,623.88
2024-08-28,Jazz Concert,North,VIP,4,48.65,0.13,169.3
2024-11-21,Classical Concert,North,VIP,9,318.8,0.13,2496.2
2024-06-21,Classical Concert,South,Regular,10,222.25,0.08,2044.7
2024-11-19,Jazz Concert,East,VIP,9,453.0,0.25,3057.75
2024-05-07,Pop Concert,North,VIP,5,139.62,0.26,516.59
2024-02-03,Pop Concert,East,VIP,7,382.43,0.04,2569.93
2024-03-17,Rock Concert,East,VIP,8,193.82,0.09,1411.01
2024-12-30,Rock Concert,East,Regular,2,327.31,0.24,497.51
2024-01-24,Rock Concert,North,Regular,4,264.38,0.22,824.87
2024-08-10,Pop Concert,North,Regular,4,100.85,0.19,326.75
2024-11-09,Pop Concert,North,Regular,8,410.91,0.29,2333.97
2024-03-09,Pop Concert,East,Regular,7,405.11,0.04,2722.34
2024-03-02,Classical Concert,North,Regular,9,268.28,0.28,1738.45
2024-05-13,Pop Concert,East,Regular,2,286.48,0.13,498.48
2024-04-11,Jazz Concert,North,VIP,1,416.06,0.0,416.06
2024-12-03,Classical Concert,East,Regular,5,477.29,0.08,2195.53
2024-04-18,Classical Concert,North,VIP,4,110.63,0.25,331.89
2024-09-20,Pop Concert,South,VIP,6,175.83,0.28,759.59
2024-01-28,Jazz Concert,West,Regular,8,169.22,0.25,1015.32
2024-09-05,Pop Concert,North,VIP,5,397.41,0.18,1629.38
2024-08-10,Jazz Concert,South,VIP,5,171.69,0.02,841.28
2024-04-15,Pop Concert,East,VIP,10,394.08,0.29,2797.97
2024-05-02,Rock Concert,North,Regular,4,124.98,0.02,489.92
2024-04-27,Classical Concert,South,VIP,7,340.6,0.2,1907.36
2024-03-25,Jazz Concert,South,Regular,2,165.07,0.23,254.21
2024-11-08,Classical Concert,North,VIP,10,403.17,0.28,2902.82
2024-05-05,Rock Concert,North,Regular,10,48.21,0.05,458.0
2024-01-21,Pop Concert,South,VIP,4,299.79,0.13,1043.27
2024-05-23,Jazz Concert,East,Regular,1,254.38,0.12,223.85
2024-02-07,Pop Concert,East,VIP,10,83.76,0.09,762.22
2024-11-21,Rock Concert,North,VIP,9,285.05,0.21,2026.71
2024-07-21,Pop Concert,North,Regular,3,139.98,0.26,310.76
2024-05-14,Pop Concert,South,Regular,1,124.91,0.16,104.92
2024-11-02,Pop Concert,North,Regular,2,454.84,0.07,846.0
2024-11-24,Jazz Concert,East,Regular,1,447.46,0.01,442.99
2024-06-17,Classical Concert,South,VIP,8,101.91,0.11,725.6
2024-11-17,Rock Concert,North,Regular,5,267.68,0.26,990.42
2024-03-07,Classical Concert,North,VIP,10,22.92,0.18,187.94
2024-06-24,Pop Concert,East,Regular,9,241.4,0.19,1759.81
2024-03-15,Classical Concert,West,Regular,9,322.04,0.17,2405.64
2024-05-10,Rock Concert,West,Regular,1,256.14,0.14,220.28
2024-06-07,Rock Concert,South,Regular,8,298.51,0.04,2292.56
2024-11-01,Pop Concert,West,Regular,5,464.96,0.13,2022.58
2024-06-03,Rock Concert,North,VIP,4,389.46,0.27,1137.22
2024-07-08,Rock Concert,East,VIP,8,461.09,0.07,3430.51
2024-05-14,Classical Concert,North,Regular,10,161.96,0.09,1473.84
2024-09-05,Jazz Concert,East,Regular,5,181.63,0.09,826.42
2024-03-01,Jazz Concert,South,Regular,9,207.58,0.03,1812.17
2024-05-20,Jazz Concert,West,VIP,5,126.96,0.15,539.58
2024-07-21,Jazz Concert,West,Regular,3,317.26,0.23,732.87
2024-04-28,Rock Concert,South,VIP,4,151.95,0.16,510.55
2024-03-27,Rock Concert,South,Regular,4,253.66,0.02,994.35
2024-03-09,Pop Concert,North,Regular,8,231.05,0.28,1330.85
2024-01-03,Rock Concert,East,VIP,3,158.38,0.29,337.35
2024-11-17,Pop Concert,South,Regular,10,478.44,0.03,4640.87
2024-04-03,Rock Concert,South,VIP,1,469.54,0.24,356.85
2024-07-16,Rock Concert,East,Regular,4,170.89,0.28,492.16
2024-02-12,Pop Concert,East,Regular,1,177.32,0.05,168.45
2024-01-17,Jazz Concert,West,Regular,7,361.62,0.24,1923.82
2024-01-13,Rock Concert,South,Regular,5,242.87,0.09,1105.06
2024-09-05,Classical Concert,East,VIP,6,445.68,0.23,2059.04
2024-10-21,Classical Concert,South,VIP,9,187.22,0.06,1583.88
2024-12-03,Jazz Concert,East,Regular,7,216.77,0.28,1092.52
2024-07-13,Rock Concert,North,VIP,8,140.61,0.14,967.4
2024-12-25,Pop Concert,West,Regular,3,359.54,0.2,862.9
2024-01-25,Classical Concert,North,Regular,5,243.78,0.2,975.12
2024-07-11,Classical Concert,North,Regular,5,420.23,0.11,1870.02
2024-03-21,Classical Concert,West,Regular,8,286.87,0.13,1996.62
2024-08-30,Rock Concert,West,Regular,8,252.46,0.2,1615.74
2024-12-15,Rock Concert,West,Regular,10,376.16,0.07,3498.29
2024-12-20,Pop Concert,West,VIP,7,255.22,0.28,1286.31
2024-08-02,Rock Concert,North,VIP,3,214.06,0.23,494.48
2024-12-27,Classical Concert,South,Regular,5,199.59,0.03,968.01
2024-10-22,Pop Concert,North,Regular,3,192.06,0.22,449.42
2024-10-26,Pop Concert,South,VIP,1,405.85,0.12,357.15
2024-08-12,Pop Concert,West,VIP,10,431.52,0.25,3236.4
2024-03-10,Pop Concert,West,VIP,2,393.14,0.11,699.79
2024-03-02,Classical Concert,West,VIP,2,227.83,0.09,414.65
2024-10-21,Pop Concert,West,Regular,2,403.95,0.21,638.24
2024-11-07,Jazz Concert,East,Regular,6,420.27,0.08,2319.89
2024-07-07,Pop Concert,East,Regular,7,178.21,0.18,1022.93
2024-10-08,Rock Concert,North,VIP,4,403.98,0.03,1567.44
2024-08-04,Classical Concert,West,VIP,1,59.28,0.18,48.61
2024-01-07,Classical Concert,West,VIP,2,210.26,0.01,416.31
2024-01-31,Classical Concert,West,Regular,2,469.09,0.11,834.98
2024-02-21,Pop Concert,West,VIP,8,396.24,0.15,2694.43
2024-03-09,Pop Concert,South,Regular,5,314.33,0.12,1383.05
2024-08-12,Pop Concert,West,VIP,10,345.42,0.09,3143.32
2024-04-21,Pop Concert,North,VIP,9,393.62,0.09,3223.75
2024-03-15,Classical Concert,East,Regular,2,348.66,0.12,613.64
2024-03-28,Pop Concert,South,VIP,6,163.72,0.14,844.8
2024-12-18,Jazz Concert,West,Regular,1,243.15,0.28,175.07
2024-08-13,Classical Concert,South,VIP,7,253.48,0.1,1596.92
2024-10-11,Classical Concert,West,Regular,10,404.01,0.2,3232.08
2024-12-01,Pop Concert,West,Regular,3,355.89,0.26,790.08
2024-01-15,Rock Concert,North,Regular,7,230.59,0.03,1565.71
2024-12-08,Classical Concert,West,Regular,6,181.97,0.03,1059.07
2024-12-09,Jazz Concert,South,Regular,2,132.37,0.12,232.97
2024-09-08,Rock Concert,North,VIP,7,241.26,0.17,1401.72
2024-06-07,Pop Concert,East,Regular,5,115.0,0.21,454.25
2024-06-23,Jazz Concert,East,Regular,4,352.2,0.12,1239.74
2024-11-04,Classical Concert,South,Regular,9,478.38,0.04,4133.2
2024-09-17,Rock Concert,North,VIP,8,219.38,0.05,1667.29
2024-10-31,Pop Concert,North,Regular,2,302.26,0.26,447.34
2024-02-29,Pop Concert,North,VIP,7,30.99,0.14,186.56
2024-10-07,Jazz Concert,North,Regular,5,423.36,0.06,1989.79
2024-10-12,Pop Concert,West,VIP,10,140.36,0.17,1164.99
2024-12-28,Rock Concert,West,Regular,2,485.42,0.12,854.34
2024-02-21,Pop Concert,South,VIP,4,203.25,0.03,788.61
2024-07-28,Pop Concert,East,VIP,10,401.51,0.15,3412.84
2024-05-07,Jazz Concert,East,VIP,10,96.01,0.27,700.87
2024-06-29,Jazz Concert,North,Regular,7,183.95,0.03,1249.02
2024-03-14,Classical Concert,North,Regular,5,289.69,0.13,1260.15
2024-07-09,Classical Concert,South,VIP,2,313.37,0.08,576.6
2024-07-08,Jazz Concert,West,Regular,1,183.3,0.04,175.97
2024-08-18,Classical Concert,East,Regular,6,382.75,0.29,1630.52
2024-06-07,Jazz Concert,South,VIP,5,158.45,0.21,625.88
2024-09-12,Jazz Concert,West,VIP,3,486.64,0.04,1401.52
2024-02-03,Classical Concert,East,Regular,1,329.39,0.03,319.51
2024-07-26,Jazz Concert,West,VIP,1,191.46,0.24,145.51
2024-04-11,Jazz Concert,East,VIP,7,300.57,0.13,1830.47
2024-01-04,Pop Concert,East,Regular,1,489.26,0.09,445.23
2024-01-25,Rock Concert,North,VIP,6,353.71,0.07,1973.7
2024-11-25,Pop Concert,North,Regular,8,363.91,0.17,2416.36
2024-09-13,Jazz Concert,West,VIP,3,372.42,0.1,1005.53
2024-02-06,Jazz Concert,West,VIP,2,29.29,0.1,52.72
2024-12-22,Rock Concert,North,Regular,2,437.87,0.28,630.53
2024-01-11,Pop Concert,North,Regular,4,489.81,0.27,1430.25
2024-08-31,Jazz Concert,East,VIP,1,194.08,0.23,149.44
2024-03-16,Pop Concert,East,Regular,8,465.71,0.16,3129.57
2024-05-06,Jazz Concert,West,Regular,3,485.81,0.17,1209.67
2024-12-14,Rock Concert,East,VIP,6,100.58,0.23,464.68
2024-10-17,Pop Concert,East,VIP,2,440.4,0.09,801.53
2024-10-25,Jazz Concert,North,Regular,5,420.71,0.08,1935.27
2024-01-22,Rock Concert,South,Regular,10,283.77,0.22,2213.41
2024-11-23,Rock Concert,East,VIP,7,134.24,0.08,864.51
2024-03-12,Classical Concert,North,VIP,4,103.16,0.07,383.76
2024-08-21,Classical Concert,North,VIP,6,47.38,0.11,253.01
2024-02-04,Classical Concert,West,VIP,10,57.08,0.04,547.97
2024-07-19,Pop Concert,North,VIP,3,183.92,0.27,402.78
2024-02-04,Jazz Concert,South,Regular,2,369.51,0.25,554.26
2024-08-29,Rock Concert,North,Regular,8,366.0,0.18,2400.96
2024-12-24,Pop Concert,West,VIP,9,93.38,0.12,739.57
2024-01-14,Pop Concert,South,VIP,4,478.77,0.22,1493.76
2024-04-20,Pop Concert,East,Regular,5,236.7,0.12,1041.48
2024-05-21,Pop Concert,East,Regular,6,425.86,0.14,2197.44
2024-03-23,Rock Concert,South,Regular,10,43.35,0.02,424.83
2024-10-23,Classical Concert,North,Regular,5,363.31,0.29,1289.75
2024-01-05,Jazz Concert,West,VIP,7,176.65,0.19,1001.61
2024-09-12,Classical Concert,North,VIP,6,75.15,0.17,374.25
2024-02-19,Classical Concert,East,Regular,5,435.77,0.26,1612.35
2024-05-30,Jazz Concert,North,VIP,3,85.97,0.24,196.01
2024-07-01,Jazz Concert,North,Regular,4,194.07,0.1,698.65
2024-04-11,Jazz Concert,West,VIP,7,277.82,0.09,1769.71
2024-05-12,Classical Concert,South,VIP,1,338.97,0.18,277.96
2024-11-15,Rock Concert,West,Regular,10,73.27,0.14,630.12
2024-09-10,Rock Concert,West,Regular,8,185.86,0.28,1070.55
2024-10-08,Rock Concert,North,Regular,9,220.31,0.13,1725.03
2024-04-27,Jazz Concert,South,VIP,5,453.96,0.19,1838.54
2024-05-02,Rock Concert,South,Regular,1,246.3,0.17,204.43
2024-04-18,Jazz Concert,West,VIP,8,70.66,0.16,474.84
2024-08-27,Classical Concert,North,Regular,10,186.56,0.12,1641.73
2024-08-05,Jazz Concert,South,Regular,5,402.8,0.15,1711.9
2024-05-12,Rock Concert,North,VIP,3,191.39,0.15,488.04
2024-08-11,Jazz Concert,East,VIP,2,213.14,0.3,298.4
2024-12-07,Classical Concert,North,Regular,2,291.1,0.21,459.94
2024-07-02,Rock Concert,North,Regular,9,94.47,0.28,612.17
2024-01-06,Rock Concert,East,Regular,3,475.99,0.23,1099.54
2024-09-19,Jazz Concert,North,VIP,3,206.35,0.24,470.48
2024-06-15,Jazz Concert,South,Regular,8,214.75,0.12,1511.84
2024-01-28,Jazz Concert,North,Regular,4,444.21,0.07,1652.46
2024-07-16,Classical Concert,East,VIP,1,369.29,0.17,306.51
2024-10-07,Classical Concert,South,Regular,9,88.33,0.06,747.27
2024-06-25,Classical Concert,South,Regular,8,240.53,0.25,1443.18
2024-01-11,Pop Concert,South,VIP,6,375.74,0.29,1600.65
2024-09-23,Jazz Concert,West,Regular,9,69.21,0.14,535.69
2024-11-05,Jazz Concert,East,Regular,7,191.27,0.08,1231.78
2024-09-13,Jazz Concert,East,VIP,2,131.25,0.0,262.5
2024-01-02,Jazz Concert,North,VIP,4,305.32,0.27,891.53
2024-06-10,Rock Concert,West,VIP,8,441.81,0.21,2792.24
2024-01-18,Rock Concert,North,Regular,4,384.68,0.24,1169.43
2024-06-29,Classical Concert,West,Regular,5,86.92,0.11,386.79
2024-09-12,Rock Concert,North,VIP,1,182.13,0.28,131.13
2024-11-19,Rock Concert,South,VIP,1,385.5,0.19,312.26
2024-03-12,Pop Concert,North,Regular,5,128.77,0.01,637.41
2024-07-24,Rock Concert,West,VIP,10,223.66,0.1,2012.94
2024-03-08,Jazz Concert,South,VIP,5,199.62,0.06,938.21
2024-05-30,Rock Concert,South,Regular,10,69.24,0.23,533.15
2024-02-20,Jazz Concert,South,Regular,6,457.81,0.26,2032.68
2024-05-31,Pop Concert,West,VIP,9,432.74,0.15,3310.46
2024-02-21,Jazz Concert,North,Regular,10,420.02,0.23,3234.15
2024-08-06,Jazz Concert,South,Regular,4,218.08,0.07,811.26
2024-07-11,Rock Concert,North,VIP,7,188.0,0.07,1223.88
2024-12-28,Pop Concert,North,VIP,4,76.95,0.14,264.71
2024-05-25,Rock Concert,South,VIP,4,324.73,0.14,1117.07
2024-06-01,Jazz Concert,East,VIP,2,95.23,0.11,169.51
2024-03-01,Classical Concert,West,Regular,6,375.44,0.26,1666.95
2024-10-16,Jazz Concert,West,Regular,9,348.1,0.1,2819.61
2024-12-16,Jazz Concert,West,Regular,9,124.67,0.13,976.17
2024-06-22,Rock Concert,North,VIP,4,65.61,0.13,228.32
2024-07-06,Pop Concert,East,VIP,7,152.37,0.25,799.94
2024-06-06,Pop Concert,South,VIP,3,205.78,0.03,598.82
2024-02-19,Jazz Concert,North,VIP,8,248.05,0.09,1805.8
2024-08-25,Rock Concert,South,Regular,10,482.67,0.27,3523.49
2024-02-11,Rock Concert,East,VIP,6,172.71,0.15,880.82
2024-09-06,Rock Concert,South,Regular,8,385.73,0.09,2808.11
2024-05-01,Pop Concert,East,VIP,5,376.46,0.05,1788.18
2024-05-06,Jazz Concert,North,Regular,2,391.92,0.11,697.62
2024-10-22,Rock Concert,West,VIP,10,441.42,0.2,3531.36
2024-11-03,Rock Concert,East,Regular,2,324.24,0.13,564.18
2024-08-09,Classical Concert,East,Regular,4,126.74,0.29,359.94
2024-04-05,Classical Concert,North,Regular,7,348.82,0.14,2099.9
2024-02-10,Rock Concert,West,VIP,7,261.88,0.04,1759.83
2024-04-08,Classical Concert,South,VIP,6,290.09,0.11,1549.08
2024-10-12,Jazz Concert,North,VIP,4,115.37,0.08,424.56
2024-11-30,Rock Concert,East,Regular,9,301.27,0.12,2386.06
2024-10-15,Pop Concert,East,VIP,10,493.51,0.05,4688.34
2024-06-29,Rock Concert,West,VIP,8,470.92,0.12,3315.28
2024-11-21,Pop Concert,West,VIP,8,126.83,0.09,923.32
2024-06-08,Classical Concert,South,Regular,4,211.35,0.26,625.6
2024-12-24,Jazz Concert,East,Regular,6,83.33,0.08,459.98
2024-06-08,Jazz Concert,East,VIP,3,229.67,0.12,606.33
2024-10-04,Pop Concert,South,Regular,10,292.78,0.16,2459.35
2024-12-21,Rock Concert,North,VIP,7,335.83,0.05,2233.27
2024-02-05,Rock Concert,South,VIP,3,87.13,0.25,196.04
2024-07-30,Classical Concert,West,VIP,9,62.34,0.04,538.62
2024-09-04,Jazz Concert,North,Regular,4,242.27,0.14,833.41
2024-04-25,Classical Concert,East,Regular,5,432.89,0.02,2121.16
2024-06-27,Jazz Concert,East,VIP,4,58.06,0.01,229.92
2024-04-02,Rock Concert,South,Regular,9,468.53,0.05,4005.93
2024-02-05,Rock Concert,East,VIP,5,424.55,0.1,1910.48
2024-08-03,Rock Concert,East,Regular,7,427.75,0.01,2964.31
2024-02-26,Classical Concert,South,VIP,9,381.73,0.14,2954.59
2024-11-23,Pop Concert,East,Regular,2,205.99,0.13,358.42
2024-04-12,Jazz Concert,East,VIP,1,264.48,0.02,259.19
2024-01-14,Pop Concert,West,Regular,9,118.56,0.26,789.61
2024-08-16,Classical Concert,South,VIP,4,389.47,0.03,1511.14
2024-09-30,Rock Concert,West,VIP,3,256.85,0.03,747.43
2024-05-26,Rock Concert,North,VIP,5,428.89,0.23,1651.23
2024-03-09,Classical Concert,West,Regular,8,102.02,0.08,750.87
2024-06-12,Classical Concert,North,VIP,6,40.56,0.01,240.93
2024-10-21,Pop Concert,North,VIP,10,351.88,0.08,3237.3
2024-11-05,Jazz Concert,South,Regular,9,208.09,0.12,1648.07
2024-12-17,Pop Concert,North,VIP,6,321.24,0.03,1869.62
2024-03-03,Jazz Concert,East,VIP,5,147.74,0.27,539.25
2024-04-24,Classical Concert,North,Regular,6,203.64,0.26,904.16
2024-02-07,Rock Concert,South,Regular,9,229.45,0.08,1899.85
2024-05-23,Classical Concert,East,VIP,9,79.51,0.28,515.22
2024-09-29,Classical Concert,West,VIP,5,497.36,0.06,2337.59
2024-08-29,Pop Concert,West,VIP,2,80.6,0.11,143.47
2024-06-28,Rock Concert,East,VIP,7,77.63,0.22,423.86
2024-07-25,Jazz Concert,South,Regular,6,242.64,0.09,1324.81
2024-03-18,Pop Concert,South,VIP,2,94.64,0.26,140.07
2024-08-13,Classical Concert,South,VIP,8,141.22,0.07,1050.68
2024-06-02,Rock Concert,South,Regular,8,58.31,0.14,401.17
2024-08-12,Pop Concert,East,VIP,3,198.4,0.22,464.26
2024-01-28,Jazz Concert,South,Regular,1,363.48,0.2,290.78
2024-08-03,Jazz Concert,West,Regular,5,130.54,0.24,496.05
2024-05-04,Rock Concert,West,VIP,5,246.33,0.2,985.32
2024-11-06,Pop Concert,North,Regular,3,95.88,0.12,253.12
2024-07-20,Classical Concert,South,Regular,1,147.0,0.29,104.37
2024-09-26,Classical Concert,East,VIP,3,165.63,0.21,392.54
2024-01-21,Rock Concert,South,VIP,8,415.92,0.26,2462.25
2024-11-27,Rock Concert,West,VIP,8,41.7,0.23,256.87
2024-03-28,Classical Concert,East,VIP,9,331.39,0.23,2296.53
2024-12-28,Classical Concert,South,Regular,8,274.52,0.1,1976.54
2024-04-04,Rock Concert,North,VIP,1,310.47,0.0,310.47
2024-09-06,Rock Concert,East,Regular,2,227.6,0.18,373.26
2024-09-14,Rock Concert,North,Regular,9,310.44,0.24,2123.41
2024-06-20,Classical Concert,West,VIP,6,393.08,0.23,1816.03
2024-11-22,Rock Concert,South,VIP,10,459.59,0.0,4595.9
2024-05-05,Jazz Concert,West,Regular,9,464.32,0.17,3468.47
2024-11-30,Rock Concert,South,Regular,5,473.08,0.09,2152.51
2024-06-05,Classical Concert,South,VIP,8,337.53,0.08,2484.22
2024-06-27,Rock Concert,South,Regular,3,84.12,0.25,189.27
2024-07-29,Pop Concert,South,Regular,7,65.64,0.25,344.61
2024-02-26,Jazz Concert,West,Regular,5,57.35,0.26,212.2
2024-03-22,Jazz Concert,South,VIP,2,348.17,0.02,682.41
2024-01-14,Pop Concert,South,VIP,2,108.3,0.18,177.61
2024-11-07,Jazz Concert,South,Regular,6,450.31,0.16,2269.56
2024-10-18,Jazz Concert,South,Regular,3,77.02,0.18,189.47
2024-10-10,Classical Concert,North,Regular,3,362.71,0.26,805.22
2024-02-17,Rock Concert,East,Regular,3,171.54,0.12,452.87
2024-11-04,Rock Concert,West,Regular,1,376.35,0.18,308.61
2024-07-08,Rock Concert,East,Regular,10,138.79,0.14,1193.59
2024-03-27,Jazz Concert,North,Regular,3,446.3,0.13,1164.84
2024-12-06,Classical Concert,East,Regular,5,365.62,0.2,1462.48
2024-01-07,Pop Concert,North,Regular,6,78.25,0.19,380.3
2024-02-19,Classical Concert,West,VIP,4,297.92,0.14,1024.84
2024-09-01,Pop Concert,North,Regular,4,165.1,0.0,660.4
2024-01-02,Pop Concert,East,VIP,10,185.24,0.06,1741.26
2024-01-15,Pop Concert,South,Regular,10,177.92,0.22,1387.78
2024-03-28,Classical Concert,North,Regular,6,424.51,0.15,2165.0
2024-01-19,Rock Concert,South,Regular,10,303.5,0.1,2731.5
2024-06-11,Jazz Concert,West,Regular,10,448.63,0.2,3589.04
2024-07-22,Classical Concert,North,Regular,3,231.27,0.21,548.11
2024-09-28,Rock Concert,East,VIP,6,31.15,0.08,171.95
2024-03-07,Rock Concert,North,VIP,5,123.42,0.12,543.05
2024-02-19,Jazz Concert,East,VIP,1,107.66,0.07,100.12
2024-01-08,Jazz Concert,East,VIP,6,211.48,0.21,1002.42
2024-11-15,Pop Concert,South,Regular,1,343.24,0.14,295.19
2024-11-20,Jazz Concert,East,VIP,10,143.03,0.1,1287.27
2024-03-02,Jazz Concert,North,VIP,4,38.26,0.25,114.78
2024-04-21,Classical Concert,West,Regular,8,247.55,0.29,1406.08
2024-08-19,Rock Concert,East,VIP,9,146.67,0.26,976.82
2024-10-18,Classical Concert,West,VIP,7,375.47,0.15,2234.05
2024-04-06,Jazz Concert,West,VIP,8,304.33,0.19,1972.06
2024-01-29,Jazz Concert,South,VIP,4,170.96,0.09,622.29
2024-11-17,Jazz Concert,North,VIP,1,310.47,0.15,263.9
2024-09-16,Pop Concert,East,Regular,6,240.13,0.16,1210.26
2024-07-16,Rock Concert,South,VIP,4,181.02,0.03,702.36
2024-03-27,Rock Concert,West,Regular,8,331.78,0.15,2256.1
2024-04-10,Classical Concert,South,VIP,9,364.05,0.07,3047.1
2024-10-03,Jazz Concert,South,Regular,2,161.87,0.28,233.09
2024-11-09,Pop Concert,West,VIP,5,334.28,0.19,1353.83
2024-04-27,Pop Concert,North,VIP,4,451.96,0.11,1608.98
2024-01-10,Rock Concert,West,Regular,4,318.0,0.03,1233.84
2024-06-19,Pop Concert,South,Regular,2,346.2,0.25,519.3
2024-01-30,Jazz Concert,East,VIP,10,288.37,0.22,2249.29
2024-08-03,Classical Concert,South,Regular,4,23.9,0.25,71.7
2024-05-28,Jazz Concert,East,VIP,2,295.99,0.08,544.62
2024-01-23,Classical Concert,East,Regular,8,236.74,0.22,1477.26
2024-11-16,Classical Concert,North,Regular,3,291.75,0.01,866.5
2024-03-14,Jazz Concert,South,Regular,5,251.74,0.13,1095.07
2024-09-16,Jazz Concert,South,VIP,9,405.05,0.19,2952.81
2024-12-06,Rock Concert,East,VIP,4,66.94,0.27,195.46
2024-06-17,Classical Concert,West,VIP,10,370.09,0.21,2923.71
2024-08-08,Jazz Concert,South,VIP,2,226.59,0.22,353.48
2024-12-19,Classical Concert,East,VIP,6,88.77,0.17,442.07
2024-05-01,Jazz Concert,West,VIP,8,173.51,0.18,1138.23
2024-12-17,Rock Concert,West,Regular,7,322.69,0.1,2032.95
2024-06-01,Rock Concert,East,VIP,4,162.95,0.21,514.92
2024-11-24,Classical Concert,East,VIP,7,77.57,0.27,396.38
2024-02-16,Jazz Concert,South,Regular,10,185.64,0.05,1763.58
2024-09-25,Classical Concert,East,Regular,3,445.31,0.09,1215.7
2024-01-29,Classical Concert,North,VIP,5,286.55,0.27,1045.91
2024-11-14,Rock Concert,North,VIP,6,75.66,0.08,417.64
2024-05-13,Rock Concert,South,VIP,3,417.54,0.14,1077.25
2024-03-08,Classical Concert,West,Regular,6,236.42,0.15,1205.74
2024-06-13,Jazz Concert,East,Regular,4,353.6,0.11,1258.82
2024-11-30,Rock Concert,North,VIP,6,24.11,0.24,109.94
2024-02-18,Jazz Concert,East,Regular,7,195.79,0.26,1014.19
2024-05-25,Jazz Concert,East,VIP,1,80.43,0.26,59.52
2024-01-14,Rock Concert,South,Regular,9,373.79,0.2,2691.29
2024-02-16,Pop Concert,West,VIP,4,433.79,0.05,1648.4
2024-10-13,Pop Concert,West,Regular,3,442.46,0.1,1194.64
2024-08-31,Pop Concert,South,Regular,2,453.67,0.23,698.65
2024-02-19,Jazz Concert,North,Regular,3,273.88,0.28,591.58
2024-08-02,Pop Concert,West,Regular,1,179.32,0.27,130.9
2024-12-01,Pop Concert,West,Regular,1,247.18,0.16,207.63
2024-05-23,Pop Concert,East,Regular,4,133.42,0.07,496.32
2024-04-15,Pop Concert,West,VIP,9,324.63,0.11,2600.29
2024-12-19,Classical Concert,North,VIP,2,383.77,0.17,637.06
2024-07-19,Rock Concert,South,VIP,10,54.29,0.21,428.89
2024-11-14,Classical Concert,West,Regular,4,178.58,0.21,564.31
2024-02-21,Rock Concert,East,VIP,4,78.36,0.24,238.21
2024-12-05,Pop Concert,East,VIP,6,368.79,0.12,1947.21
2024-03-27,Rock Concert,North,VIP,10,117.06,0.07,1088.66
2024-12-15,Pop Concert,South,Regular,3,439.85,0.12,1161.2
2024-05-03,Classical Concert,East,Regular,4,454.1,0.29,1289.64
2024-03-25,Jazz Concert,East,VIP,5,354.4,0.14,1523.92
2024-03-30,Classical Concert,West,VIP,1,494.02,0.15,419.92
2024-11-17,Jazz Concert,South,VIP,1,386.89,0.28,278.56
2024-03-12,Pop Concert,South,VIP,1,415.34,0.17,344.73
2024-06-11,Pop Concert,South,VIP,8,158.49,0.13,1103.09
2024-12-12,Pop Concert,North,VIP,6,207.13,0.13,1081.22
2024-03-14,Rock Concert,South,Regular,8,76.49,0.03,593.56
2024-03-05,Rock Concert,North,VIP,9,243.84,0.15,1865.38
2024-08-02,Rock Concert,South,VIP,8,33.71,0.06,253.5
2024-11-20,Pop Concert,North,VIP,2,321.83,0.09,585.73
2024-12-03,Rock Concert,West,Regular,2,381.35,0.19,617.79
2024-07-17,Jazz Concert,South,VIP,10,317.49,0.23,2444.67
2024-06-19,Rock Concert,South,Regular,5,50.71,0.17,210.45
2024-06-09,Classical Concert,West,Regular,2,338.08,0.09,615.31
2024-03-20,Rock Concert,East,VIP,10,143.96,0.21,1137.28
2024-03-12,Classical Concert,West,Regular,6,325.66,0.06,1836.72
2024-05-06,Rock Concert,South,VIP,8,290.12,0.28,1671.09
2024-03-01,Jazz Concert,South,Regular,7,455.08,0.21,2516.59
2024-07-17,Rock Concert,West,Regular,10,99.92,0.26,739.41
2024-08-07,Pop Concert,South,Regular,2,363.38,0.19,588.68
2024-06-10,Pop Concert,East,Regular,8,282.49,0.07,2101.73
2024-02-04,Jazz Concert,West,VIP,10,46.61,0.07,433.47
2024-11-12,Pop Concert,West,VIP,8,345.32,0.26,2044.29
2024-11-02,Pop Concert,South,Regular,7,302.35,0.26,1566.17
2024-02-08,Jazz Concert,West,VIP,9,424.5,0.26,2827.17
2024-05-30,Rock Concert,East,Regular,1,229.9,0.23,177.02
2024-04-28,Pop Concert,West,VIP,6,360.96,0.11,1927.53
2024-06-02,Jazz Concert,South,VIP,8,258.79,0.05,1966.8
2024-12-26,Rock Concert,North,VIP,8,364.08,0.14,2504.87
2024-12-16,Jazz Concert,West,VIP,10,124.32,0.22,969.7
2024-01-17,Classical Concert,South,Regular,3,365.53,0.01,1085.62
2024-09-05,Jazz Concert,West,VIP,6,346.34,0.18,1703.99
2024-04-27,Jazz Concert,West,Regular,4,138.37,0.08,509.2
2024-06-20,Classical Concert,East,Regular,7,445.89,0.24,2372.13
2024-07-13,Classical Concert,East,Regular,10,236.25,0.03,2291.62
2024-12-03,Classical Concert,South,VIP,7,171.33,0.0,1199.31
2024-02-04,Classical Concert,South,Regular,6,250.56,0.16,1262.82
2024-07-17,Rock Concert,North,VIP,1,345.31,0.29,245.17
2024-08-26,Rock Concert,South,Regular,6,397.85,0.19,1933.55
2024-08-16,Jazz Concert,West,Regular,5,417.73,0.25,1566.49
2024-02-11,Rock Concert,West,VIP,7,47.45,0.15,282.33
2024-10-10,Rock Concert,North,Regular,6,341.93,0.01,2031.06
2024-10-28,Jazz Concert,East,Regular,6,424.81,0.28,1835.18
2024-12-19,Pop Concert,North,VIP,3,481.23,0.09,1313.76
2024-02-05,Pop Concert,East,VIP,2,168.85,0.22,263.41
2024-07-18,Rock Concert,West,Regular,9,180.85,0.26,1204.46
2024-02-04,Classical Concert,South,Regular,10,405.95,0.06,3815.93
2024-12-14,Jazz Concert,North,Regular,1,389.07,0.2,311.26
2024-12-05,Rock Concert,East,Regular,5,51.12,0.18,209.59
2024-03-13,Classical Concert,South,VIP,7,282.84,0.0,1979.88
2024-09-26,Jazz Concert,South,VIP,6,472.92,0.12,2497.02
2024-05-04,Pop Concert,West,VIP,5,425.28,0.28,1531.01
2024-07-15,Rock Concert,South,VIP,8,306.53,0.27,1790.14
2024-08-23,Jazz Concert,South,Regular,2,142.97,0.16,240.19
2024-07-03,Rock Concert,South,Regular,5,245.56,0.28,884.02
2024-04-05,Jazz Concert,South,Regular,9,154.93,0.27,1017.89
2024-10-24,Rock Concert,North,VIP,5,227.98,0.05,1082.9
2024-07-24,Pop Concert,East,Regular,8,393.68,0.28,2267.6
2024-04-18,Rock Concert,North,VIP,8,259.82,0.16,1745.99
2024-11-04,Jazz Concert,South,Regular,3,264.73,0.18,651.24
2024-02-25,Jazz Concert,North,Regular,8,445.52,0.01,3528.52
2024-06-20,Rock Concert,South,Regular,2,32.13,0.29,45.62
2024-05-13,Rock Concert,East,Regular,9,246.35,0.26,1640.69
2024-07-11,Jazz Concert,East,Regular,10,232.74,0.09,2117.93
2024-06-19,Pop Concert,West,VIP,1,214.95,0.13,187.01
2024-01-20,Rock Concert,West,Regular,4,75.6,0.11,269.14
2024-04-06,Rock Concert,South,VIP,2,135.65,0.08,249.6
2024-02-29,Classical Concert,East,VIP,7,256.57,0.09,1634.35
2024-05-02,Jazz Concert,North,Regular,1,499.43,0.01,494.44
2024-09-01,Classical Concert,West,VIP,3,207.84,0.29,442.7
2024-07-03,Classical Concert,South,Regular,5,421.3,0.25,1579.88
2024-12-15,Classical Concert,North,Regular,1,139.28,0.23,107.25
2024-04-11,Pop Concert,East,Regular,10,291.44,0.27,2127.51
2024-05-24,Classical Concert,North,Regular,9,274.21,0.08,2270.46
2024-03-19,Classical Concert,South,VIP,8,404.7,0.13,2816.71
2024-12-02,Jazz Concert,West,VIP,2,233.64,0.13,406.53
2024-09-25,Jazz Concert,West,VIP,5,248.11,0.05,1178.52
2024-08-14,Rock Concert,North,VIP,3,137.63,0.03,400.5
2024-05-16,Jazz Concert,North,VIP,3,81.87,0.27,179.3
2024-07-09,Rock Concert,South,Regular,8,29.17,0.11,207.69
2024-10-16,Pop Concert,South,VIP,8,108.3,0.04,831.74
2024-10-29,Classical Concert,West,Regular,8,293.9,0.25,1763.4
2024-04-01,Rock Concert,East,Regular,5,103.81,0.18,425.62
2024-06-12,Rock Concert,West,Regular,5,20.76,0.28,74.74
2024-08-25,Classical Concert,North,VIP,9,374.95,0.03,3273.31
2024-10-04,Classical Concert,South,Regular,1,390.57,0.07,363.23
2024-07-13,Jazz Concert,South,Regular,3,219.24,0.16,552.48
2024-12-07,Pop Concert,East,VIP,3,230.49,0.12,608.49
2024-10-21,Jazz Concert,South,Regular,9,407.61,0.08,3375.01
2024-06-12,Jazz Concert,South,VIP,8,33.17,0.05,252.09
2024-03-27,Rock Concert,South,VIP,3,466.73,0.15,1190.16
2024-09-03,Jazz Concert,West,VIP,3,126.11,0.08,348.06
2024-05-29,Jazz Concert,East,VIP,8,227.65,0.07,1693.72
2024-06-18,Rock Concert,East,Regular,2,328.25,0.0,656.5
2024-12-11,Rock Concert,North,VIP,1,113.37,0.06,106.57
2024-08-17,Jazz Concert,South,Regular,10,98.18,0.14,844.35
2024-11-18,Jazz Concert,East,Regular,8,82.46,0.06,620.1
2024-03-13,Jazz Concert,North,VIP,6,107.08,0.14,552.53
2024-10-26,Classical Concert,East,VIP,6,466.96,0.12,2465.55
2024-07-21,Classical Concert,West,VIP,7,161.54,0.16,949.86
2024-01-19,Classical Concert,North,Regular,6,135.43,0.03,788.2
2024-09-04,Rock Concert,North,Regular,9,232.78,0.17,1738.87
2024-10-21,Pop Concert,West,Regular,4,362.59,0.01,1435.86
2024-09-25,Pop Concert,South,Regular,1,135.74,0.2,108.59
2024-08-12,Classical Concert,East,Regular,7,156.88,0.13,955.4
2024-04-14,Rock Concert,West,VIP,7,379.68,0.12,2338.83
2024-05-25,Jazz Concert,North,Regular,2,103.66,0.04,199.03
2024-12-26,Jazz Concert,North,Regular,1,250.43,0.01,247.93
2024-09-10,Pop Concert,East,VIP,6,355.17,0.18,1747.44
2024-05-01,Jazz Concert,South,VIP,6,327.89,0.29,1396.81
2024-08-02,Pop Concert,North,Regular,10,217.35,0.15,1847.48
2024-03-15,Jazz Concert,North,VIP,10,41.96,0.13,365.05
2024-08-05,Rock Concert,East,VIP,8,81.74,0.04,627.76
2024-11-05,Rock Concert,South,VIP,4,444.36,0.28,1279.76
2024-10-14,Rock Concert,East,Regular,2,121.18,0.26,179.35
2024-05-13,Pop Concert,North,VIP,7,362.25,0.22,1977.88
2024-08-03,Pop Concert,East,VIP,1,268.73,0.1,241.86
2024-09-05,Jazz Concert,West,VIP,10,425.38,0.09,3870.96
2024-05-29,Classical Concert,West,Regular,2,328.58,0.13,571.73
2024-12-28,Classical Concert,East,Regular,9,334.86,0.06,2832.92
2024-03-06,Rock Concert,South,Regular,9,418.67,0.02,3692.67
2024-06-23,Classical Concert,North,VIP,3,192.6,0.2,462.24
2024-06-15,Rock Concert,West,Regular,6,148.06,0.13,772.87
2024-03-27,Classical Concert,East,VIP,5,25.81,0.13,112.27
2024-06-17,Rock Concert,East,Regular,6,296.82,0.19,1442.55
2024-12-13,Rock Concert,West,VIP,8,234.35,0.29,1331.11
2024-05-19,Jazz Concert,West,Regular,9,147.14,0.16,1112.38
2024-01-13,Pop Concert,South,Regular,10,455.0,0.26,3367.0
2024-04-21,Pop Concert,South,VIP,2,122.55,0.08,225.49
2024-01-02,Pop Concert,East,Regular,1,481.79,0.16,404.7
2024-12-25,Classical Concert,South,VIP,3,220.01,0.09,600.63
2024-11-03,Jazz Concert,South,Regular,1,425.52,0.22,331.91
2024-10-18,Classical Concert,West,Regular,1,381.91,0.02,374.27
2024-06-01,Classical Concert,East,VIP,6,311.59,0.28,1346.07
2024-05-09,Jazz Concert,North,Regular,9,342.37,0.1,2773.2
2024-11-05,Rock Concert,North,Regular,3,104.56,0.08,288.59
2024-07-08,Jazz Concert,West,Regular,10,432.78,0.28,3116.02
2024-03-15,Rock Concert,West,Regular,5,86.15,0.14,370.44
2024-02-12,Classical Concert,West,Regular,3,494.17,0.11,1319.43
2024-12-03,Rock Concert,South,Regular,1,338.26,0.15,287.52
2024-10-12,Rock Concert,West,VIP,7,242.66,0.27,1239.99
2024-04-22,Pop Concert,West,VIP,4,208.01,0.04,798.76
2024-04-21,Rock Concert,East,Regular,1,177.14,0.06,166.51
2024-06-20,Rock Concert,North,Regular,7,33.16,0.18,190.34
2024-05-14,Rock Concert,West,Regular,9,371.44,0.25,2507.22
2024-06-26,Pop Concert,South,Regular,3,93.71,0.21,222.09
2024-08-22,Rock Concert,North,Regular,2,434.37,0.18,712.37
